link_id,result_score
3910429600,0.9071225508583262
3910429700,0.36511621124493654
