,link_id,result_score,confidence
0,3910429600,0.9071225508583262,0.8807970741036257
1,3910429700,0.36511621124493654,0.11920292589637428
